<?xml version="1.0" encoding="UTF-8"?><bookmarks><file xmlns="http://www.w3.org/1999/xhtml" absolutepath="/Users/maximvasilev/MATLAB-Drive/Matlab/Числаки/Diplom/HW/cam.m"></file><file xmlns="http://www.w3.org/1999/xhtml" absolutepath="/Users/maximvasilev/MATLAB-Drive/Matlab/Числаки/Diplom/HW/app2.mlapp"></file><file xmlns="http://www.w3.org/1999/xhtml" absolutepath="/Users/maximvasilev/MATLAB-Drive/Matlab/Числаки/Diplom/num1D.m"></file><file xmlns="http://www.w3.org/1999/xhtml" absolutepath="/Users/maximvasilev/MATLAB-Drive/Matlab/Числаки/Diplom/num2DTerm.m"></file><file xmlns="http://www.w3.org/1999/xhtml" absolutepath="/Applications/MATLAB_R2021b.app/toolbox/symbolic/symbolic/sympref.m"></file><file xmlns="http://www.w3.org/1999/xhtml" absolutepath="/Users/maximvasilev/MATLAB-Drive/Matlab/Числаки/Diplom/F.m"></file><file xmlns="http://www.w3.org/1999/xhtml" absolutepath="/Users/maximvasilev/MATLAB-Drive/Matlab/Числаки/Diplom/num1DF.m"></file><file xmlns="http://www.w3.org/1999/xhtml" absolutepath="/Users/maximvasilev/MATLAB-Drive/Matlab/Числаки/Diplom/num2D.m"></file><file xmlns="http://www.w3.org/1999/xhtml" absolutepath="/Users/maximvasilev/MATLAB-Drive/Matlab/Числаки/Diplom/vis.m"></file><file xmlns="http://www.w3.org/1999/xhtml" absolutepath="/Users/maximvasilev/MATLAB-Drive/Matlab/Числаки/Diplom/vis2D.m"></file><file xmlns="http://www.w3.org/1999/xhtml" absolutepath="/Users/maximvasilev/MATLAB-Drive/MobileSensorData/Matlab/Числаки/Diplom/HW/app2.mlapp"></file></bookmarks>